HF,Accountancy,Business,Economics,Human Resource Management,Management and Marketing
E,American History
F,American History
PS,American Literature
CC,Archaeology
N,Art
JC,Politics
JD,Politics
JE,Politics
JF,Politics
JG,Politics
JH,Politics
JI,Politics
JJ,Politics
JK,Politics
QB,Astrophysics
QP,Biochemistry,Human Biology,Medicinal Chemistry,Physiology
RB,Biochemistry,Biomedical Science,Mental Health
QH,Biology,Ecology
TK,Computing
RC,Counselling and Psychotherapy,Mental Health,Neuroscience,Radiography
HV,Criminology,Forensic Science ,Social Work
HA,Economics
HB,Economics
HC,Economics
HG,Economics,Finance
HH,Economics
HI,Economics,Finance
HJ,Economics,Finance
L,Education
PE,English Language
PR,English Literature
QO,Human Biology
QQ,Human Biology
JX,International Law,Politics
JZ,International Relations
K,Law
JL,Politics
JM,Politics
JN,Politics
BC,Philosophy
BD,Philosophy
BE,Philosophy
BF,Philosophy,Psychology
BG,Philosophy
BH,Philosophy
BI,Philosophy
JO,Politics
JP,Politics
JQ,Politics
JR,Politics
P,Media Studies
GE,Environmental Studies,Geography
GF,Environmental Studies,Geography
PN,Film Studies
PC,French,Italian,Spanish
G,Geography
GA,Geography
GB,Geography
GC,Geography
GD,Geography
QE,Geology and Geoscience
PF,German
D,History
QM,Human Biology
QN,Human Biology
R,Medicine
RA,Mental Health
ML,Music Technology
BV,Religion
BW,Religion
BX,Religion
PG,Russian
HM,Sociology
HN,Sociology
HO,Sociology
MT,Music Technology
RI,Nursing
B,Philosophy
BA,Philosophy
BB,Philosophy
BJ,Philosophy
BL,Religion
HS,Sociology
HT,Sociology
RM,Pharmacology,Physiotherapy
RS,Pharmacy
QC,Physics
J,Politics
JA,Politics
JB,Politics
JS,Politics
JT,Politics
BM,Religion
BN,Religion
BO,Religion
BP,Religion
BQ,Religion
QR,Biomedical Science,Human Biology
RB,Biomedical Science
QK,Botany
S,Botany
DA,British History
HD,Business,Economics,Human Resource Management,Management and Marketing
HE,Business,Economics,Human Resource Management,Management and Marketing
QD,Chemistry
PL,Chinese,Japanese
QA,Computing,Mathematics
BR,Religion
BS,Religion
BT,Religion
BU,Religion
HP,Sociology
HQ,Sociology
HR,Sociology
JU,Politics
JV,Politics
JW,Politics
SF,Veterinary Medicine